SoC_Percent,R0_Ohms,R1_Ohms,C1_Farads,R2_Ohms,C2_Farads
100,0.196582849920768,0.0898415908005804,7.7819554852002,0.0462753543527714,2372.01884684607
95,0.156320593429089,0.0217188134281211,4.61917253601036,0.027158339866753,1268.14188603878
90,0.153356131299781,0.0220096151551089,5.01048862768076,0.0276496642969886,1360.36387569345
85,0.150988281009642,0.0224105225440242,5.30877798131629,0.028306581140537,1420.86745192218
80,0.149774408173018,0.0225591826981828,4.49353478307754,0.0311560547463152,1400.31216572514
75,0.149267143540735,0.0225728639773981,4.48797207550521,0.0340190728702167,1548.76847708266
70,0.149750869651832,0.0109565079968252,1340.26672857849,0.0336585794242907,4137.45029484969
65,0.149028669415638,0.0231525890530381,20.9032034392646,0.0409709846002582,2684.51079673625
60,0.148949200858534,0.0234950044016639,8.24738846759185,0.0320350599564278,1701.23634583881
55,0.149098369680557,0.0237473522291201,4.32087450660079,0.0248645489606112,817.997124119759
50,0.149077126681597,0.0239243772204563,4.2956661521547,0.0240817084367368,834.974606350349
45,0.149686579986075,0.018860547355041,445.379141109411,0.019994372817287,3138.12733765707
40,0.150238479710949,0.0160805392247499,1402.4748083465,0.0169903675101247,7821.61647718
35,0.150917603943304,0.0246327595042557,7.60885867659747,0.0243049020759965,1697.98347015029
30,0.152136732305184,0.0250306241883595,5.77005826161477,0.0268184600815211,2003.0283512733
25,0.153757564388942,0.0253968795331703,9.55654086769175,0.0276234664852024,2053.67390755469
20,0.158557522289914,0.0256841163531275,9.62169022734751,0.0261871792713643,1997.5364632662
15,0.170041139746141,-0.010589242655039,6009.5377676074,-0.0247210555626108,556504.579313503
10,0.187288446316156,-0.048892325326867,13836.8444933084,-0.114147773860095,1488310.13432256
5,0.204535752886172,-0.0871954079986951,21664.1512190093,-0.203574492157579,2420115.68933162
0,0.221783059456187,-0.125498490670523,29491.4579447103,-0.293001210455062,3351921.24434068
